Local;2009;2010;2011;2012;2013;2014;2015;2016;2017;2018;2019;2020;2021;2022;2023;2024
Portugal; 114,7; 114,7; 114,5; 113,9; 113,2; 112,7; 112,4; 112,2; 112,1; 112,0; 112,5; 112,7; 113,0; 114,0; 115,4; 116,6
Continente; 112,9; 112,9; 112,7; 112,2; 111,5; 111,0; 110,8; 110,6; 110,5; 110,5; 111,0; 111,2; 111,4; 112,5; 113,8; 115,0
Norte; 174,1; 173,5; 173,1; 172,1; 171,0; 170,0; 169,4; 169,0; 168,8; 168,7; 169,1; 169,2; 169,6; 171,0; 172,6; 173,5
Alto Minho; 111,2; 110,6; 109,7; 108,7; 107,8; 106,8; 106,1; 105,5; 104,9; 104,6; 104,6; 104,8; 104,5; 104,9; 105,6; 105,8
Arcos de Valdevez; 51,8; 51,2; 50,0; 49,4; 48,7; 48,1; 47,6; 47,3; 46,9; 46,6; 46,6; 46,5; 46,2; 46,3; 46,6; 46,5
Caminha; 123,3; 122,5; 122,5; 121,3; 120,4; 119,0; 118,0; 117,1; 116,4; 116,1; 116,0; 116,3; 116,8; 118,7; 120,4; 121,6
Melgaço; 39,3; 38,8; 37,9; 37,1; 36,6; 36,0; 35,6; 35,1; 34,4; 33,9; 33,5; 32,8; 32,3; 32,0; 31,9; 31,7
Monção; 91,8; 91,3; 90,4; 89,4; 88,3; 87,3; 86,5; 85,7; 85,2; 84,7; 84,6; 84,9; 84,5; 84,8; 85,3; 85,2
Paredes de Coura; 67,1; 66,7; 65,6; 65,1; 64,5; 63,9; 63,6; 63,2; 62,8; 62,7; 62,9; 63,1; 62,8; 62,8; 63,0; 62,9
Ponte da Barca; 67,1; 66,3; 65,8; 65,1; 64,5; 63,7; 63,0; 62,5; 62,0; 61,6; 61,4; 61,1; 60,7; 61,0; 61,4; 61,6
Ponte de Lima; 136,8; 136,0; 135,6; 134,6; 133,3; 132,1; 131,3; 130,5; 129,7; 129,3; 128,9; 129,1; 128,5; 128,2; 128,4; 128,2
Valença; 120,9; 120,9; 119,7; 119,0; 118,0; 117,0; 116,5; 116,1; 115,6; 115,4; 116,0; 116,9; 117,8; 118,9; 120,9; 122,1
Viana do Castelo; 280,0; 278,5; 277,2; 275,4; 273,5; 271,7; 270,7; 269,8; 269,1; 268,6; 269,0; 270,1; 269,6; 270,4; 272,0; 272,6
Vila Nova de Cerveira; 85,4; 85,7; 85,1; 84,2; 83,5; 82,8; 82,3; 81,6; 81,2; 81,3; 82,1; 82,4; 83,0; 84,7; 86,0; 86,9
Cávado; 329,3; 329,4; 330,0; 329,2; 328,1; 327,2; 327,1; 327,5; 328,5; 330,3; 333,4; 335,6; 337,0; 340,8; 345,0; 347,6
Amares; 231,2; 230,6; 230,4; 229,2; 227,4; 225,7; 224,6; 224,0; 224,2; 224,4; 225,4; 227,7; 230,2; 234,5; 238,9; 241,4
Barcelos; 319,7; 317,9; 317,0; 315,0; 313,0; 311,0; 309,7; 308,7; 307,9; 307,8; 308,6; 309,4; 307,8; 308,0; 308,8; 308,7
Braga; 983,7; 989,5; 996,5; 998,3; 999,2; 1 001,0; 1 005,8; 1 012,1; 1 021,0; 1 033,0; 1 050,6; 1 057,3; 1 064,7; 1 081,0; 1 099,1; 1 109,7
Esposende; 359,9; 359,4; 361,4; 360,5; 360,0; 359,0; 358,8; 359,5; 360,9; 362,4; 365,3; 370,0; 374,6; 382,2; 389,2; 395,4
Terras de Bouro; 26,8; 26,2; 25,6; 25,2; 24,8; 24,5; 24,2; 23,9; 23,6; 23,3; 23,1; 23,1; 23,0; 22,9; 23,0; 22,9
Vila Verde; 210,1; 209,8; 209,1; 207,5; 205,7; 203,8; 202,7; 201,8; 201,2; 200,8; 201,2; 203,9; 205,3; 207,8; 210,6; 213,0
Ave; 294,5; 293,3; 293,0; 291,5; 290,0; 288,5; 287,7; 287,3; 287,2; 287,3; 288,1; 289,5; 288,8; 289,7; 291,1; 291,6
Cabeceiras de Basto; 70,0; 69,2; 68,6; 67,9; 67,1; 66,4; 66,1; 65,5; 65,0; 64,7; 64,6; 64,7; 64,2; 64,1; 64,3; 64,3
Fafe; 233,2; 231,3; 230,6; 228,9; 227,1; 225,2; 224,1; 223,3; 222,6; 221,8; 221,7; 222,2; 220,8; 220,7; 221,4; 221,0
Guimarães; 659,7; 656,4; 656,5; 654,0; 651,4; 648,8; 647,7; 648,0; 648,7; 649,8; 651,7; 652,8; 649,3; 649,4; 650,6; 649,4
Mondim de Basto; 44,5; 43,7; 43,0; 42,3; 41,4; 40,6; 39,9; 39,2; 38,6; 38,2; 37,7; 37,6; 37,4; 37,2; 37,2; 37,2
Póvoa de Lanhoso; 166,3; 165,2; 162,9; 161,8; 160,8; 159,8; 159,2; 158,6; 158,4; 158,6; 159,5; 162,6; 164,2; 165,7; 167,9; 170,3
Vieira do Minho; 60,6; 59,6; 60,2; 59,4; 58,8; 58,1; 57,5; 57,0; 56,5; 55,9; 55,7; 55,7; 55,4; 55,4; 55,7; 55,8
Vila Nova de Famalicão; 663,7; 664,2; 663,9; 661,6; 659,0; 656,4; 655,6; 655,5; 655,8; 657,4; 660,7; 665,0; 665,1; 670,0; 674,6; 678,1
Vizela; 960,8; 961,4; 961,5; 957,8; 955,1; 951,5; 950,7; 950,9; 953,7; 957,6; 960,9; 971,0; 975,1; 983,7; 993,1; 999,5
Área Metropolitana do Porto; 864,6; 862,7; 862,4; 859,2; 855,7; 852,1; 850,5; 849,9; 850,5; 851,8; 855,0; 854,0; 860,2; 872,0; 883,1; 890,7
Arouca; 68,8; 68,0; 67,6; 67,1; 66,6; 66,0; 65,7; 65,5; 65,2; 64,9; 64,7; 64,5; 63,9; 63,6; 63,6; 63,3
Espinho; 1 526,8; 1 511,0; 1 515,4; 1 506,4; 1 496,6; 1 488,7; 1 483,9; 1 480,6; 1 482,9; 1 482,8; 1 484,6; 1 480,3; 1 492,9; 1 514,0; 1 538,1; 1 554,4
Gondomar; 1 277,0; 1 275,3; 1 274,5; 1 269,1; 1 262,8; 1 256,2; 1 252,4; 1 249,3; 1 248,2; 1 247,1; 1 249,0; 1 250,3; 1 255,9; 1 267,8; 1 277,9; 1 284,0
Maia; 1 614,1; 1 627,8; 1 636,6; 1 632,9; 1 627,7; 1 623,8; 1 622,4; 1 621,4; 1 622,9; 1 625,7; 1 630,9; 1 633,0; 1 658,8; 1 691,8; 1 719,0; 1 744,0
Matosinhos; 2 815,3; 2 813,2; 2 820,0; 2 809,2; 2 797,6; 2 787,8; 2 781,2; 2 779,2; 2 780,8; 2 783,6; 2 792,4; 2 775,4; 2 797,9; 2 837,9; 2 876,6; 2 900,4
Oliveira de Azeméis; 429,2; 426,4; 424,9; 421,8; 418,3; 415,5; 413,0; 411,2; 410,8; 410,6; 410,5; 412,5; 413,5; 415,1; 417,6; 418,8
Paredes; 554,0; 554,0; 552,5; 549,3; 546,1; 542,9; 541,0; 539,5; 538,5; 537,8; 538,0; 540,4; 542,1; 544,7; 548,7; 552,2
Porto; 5 843,3; 5 747,1; 5 694,9; 5 677,0; 5 660,4; 5 640,1; 5 640,1; 5 645,1; 5 659,9; 5 681,7; 5 721,9; 5 622,2; 5 697,8; 5 867,1; 6 006,0; 6 100,6
Póvoa de Varzim; 776,0; 772,2; 773,9; 772,2; 770,0; 767,8; 768,1; 769,2; 771,6; 775,3; 781,5; 784,8; 792,0; 806,0; 821,4; 832,7
Santa Maria da Feira; 646,5; 645,8; 644,7; 641,9; 638,7; 634,8; 633,1; 631,9; 631,6; 631,8; 633,2; 635,6; 636,3; 641,8; 647,8; 651,1
Santo Tirso; 527,2; 524,2; 523,3; 519,3; 514,8; 510,7; 507,4; 504,5; 501,7; 499,7; 498,6; 497,9; 495,5; 495,8; 496,7; 495,8
São João da Madeira; 2 739,0; 2 734,9; 2 753,1; 2 748,7; 2 746,2; 2 743,8; 2 742,1; 2 745,3; 2 755,5; 2 776,1; 2 800,6; 2 802,3; 2 870,2; 2 940,6; 3 005,4; 3 053,8
Trofa; 542,6; 543,1; 542,0; 540,0; 537,5; 534,5; 533,3; 533,3; 533,6; 533,8; 535,4; 536,8; 541,7; 549,7; 555,5; 559,6
Vale de Cambra; 158,1; 155,5; 154,4; 152,8; 151,0; 149,4; 147,9; 146,7; 145,8; 145,0; 144,7; 144,9; 144,5; 144,2; 144,2; 144,2
Valongo; 1 242,8; 1 249,9; 1 252,8; 1 250,6; 1 248,1; 1 244,7; 1 244,7; 1 245,4; 1 247,6; 1 251,1; 1 256,9; 1 264,9; 1 286,6; 1 310,0; 1 333,4; 1 350,7
Vila do Conde; 531,9; 534,0; 536,1; 535,2; 534,3; 533,3; 533,7; 535,2; 536,6; 538,4; 541,5; 545,1; 550,8; 560,5; 569,5; 576,2
Vila Nova de Gaia; 1 794,0; 1 795,9; 1 801,4; 1 796,7; 1 792,2; 1 786,7; 1 785,6; 1 786,9; 1 791,8; 1 797,7; 1 808,5; 1 810,2; 1 815,9; 1 831,5; 1 847,5; 1 857,9
Alto Tâmega e Barroso; 32,8; 32,3; 31,8; 31,4; 30,9; 30,5; 30,2; 29,8; 29,5; 29,3; 29,0; 28,9; 28,7; 28,6; 28,6; 28,6
Boticas; 18,2; 17,9; 17,5; 17,2; 17,0; 16,7; 16,5; 16,3; 16,2; 16,0; 15,8; 15,6; 15,3; 15,2; 15,2; 15,0
Chaves; 70,7; 69,9; 69,2; 68,2; 67,4; 66,6; 66,0; 65,3; 64,8; 64,3; 63,9; 63,8; 63,3; 63,1; 63,3; 63,1
Montalegre; 13,4; 13,1; 12,8; 12,6; 12,4; 12,2; 12,0; 11,9; 11,8; 11,7; 11,6; 11,5; 11,4; 11,3; 11,4; 11,3
Ribeira de Pena; 30,7; 30,2; 29,6; 29,1; 28,8; 28,4; 28,2; 27,9; 27,8; 27,5; 27,4; 27,1; 26,9; 26,8; 27,0; 26,9
Valpaços; 31,5; 30,9; 30,4; 29,9; 29,4; 29,0; 28,6; 28,2; 27,7; 27,4; 27,1; 26,9; 26,6; 26,5; 26,6; 26,5
Vila Pouca de Aguiar; 30,7; 30,2; 29,7; 29,3; 28,9; 28,4; 28,1; 27,8; 27,5; 27,3; 27,2; 27,2; 27,0; 26,9; 26,9; 27,0
Tâmega e Sousa; 237,6; 236,6; 235,5; 233,5; 231,4; 229,3; 227,8; 226,5; 225,4; 224,5; 223,9; 224,0; 223,1; 223,0; 223,5; 223,4
Amarante; 188,9; 186,9; 185,6; 183,7; 181,6; 179,7; 178,2; 176,7; 175,5; 174,4; 173,6; 173,7; 172,8; 172,8; 173,3; 173,1
Baião; 119,5; 117,8; 115,2; 113,1; 111,4; 109,4; 107,8; 106,1; 104,5; 103,2; 102,1; 101,2; 99,9; 99,0; 98,6; 97,9
Castelo de Paiva; 146,9; 145,7; 145,0; 143,4; 142,2; 140,8; 139,6; 138,4; 137,7; 136,8; 136,2; 135,6; 134,3; 133,8; 134,3; 133,9
Celorico de Basto; 111,7; 111,2; 109,7; 107,9; 106,1; 104,1; 102,6; 101,5; 99,9; 98,7; 97,8; 98,1; 97,4; 97,1; 97,5; 97,4
Cinfães; 86,7; 85,5; 84,2; 82,9; 81,7; 80,3; 79,1; 78,1; 77,0; 76,1; 75,1; 74,5; 74,0; 73,4; 72,8; 72,3
Felgueiras; 504,1; 502,1; 501,0; 497,9; 494,8; 491,4; 489,2; 487,9; 486,9; 486,1; 485,6; 484,2; 480,9; 478,8; 478,9; 477,1
Lousada; 492,8; 493,5; 494,5; 492,8; 490,5; 488,8; 487,8; 487,8; 488,7; 489,6; 491,2; 494,7; 495,7; 498,9; 502,8; 506,4
Marco de Canaveses; 265,5; 265,0; 263,4; 260,6; 257,5; 254,6; 252,1; 250,0; 248,2; 246,5; 245,5; 246,3; 245,4; 245,0; 245,6; 245,2
Paços de Ferreira; 791,6; 793,7; 796,5; 794,0; 790,3; 787,2; 785,5; 784,9; 783,9; 784,4; 785,5; 786,4; 785,2; 787,2; 788,6; 789,8
Penafiel; 341,7; 340,8; 340,1; 337,9; 335,5; 333,0; 331,6; 330,3; 329,4; 329,0; 328,8; 329,4; 329,1; 329,8; 331,3; 331,8
Resende; 93,5; 92,4; 91,1; 89,7; 88,4; 86,9; 85,9; 85,2; 84,3; 83,3; 82,4; 81,9; 80,8; 79,9; 79,1; 78,1
Douro; 51,5; 51,0; 50,3; 49,6; 48,9; 48,2; 47,7; 47,1; 46,7; 46,3; 46,0; 45,8; 45,6; 45,6; 45,7; 45,6
Alijó; 41,1; 40,2; 39,1; 38,6; 38,1; 37,5; 37,2; 36,7; 36,4; 36,0; 35,6; 35,4; 35,1; 34,8; 34,7; 34,6
Armamar; 55,2; 53,9; 53,3; 52,3; 51,6; 51,0; 50,4; 49,9; 49,6; 49,1; 48,8; 49,0; 48,8; 48,6; 48,2; 48,1
Carrazeda de Ansiães; 23,5; 22,9; 21,9; 21,5; 21,3; 21,0; 20,8; 20,5; 20,3; 20,1; 20,1; 19,8; 19,4; 19,3; 19,3; 19,2
Freixo de Espada à Cinta; 15,7; 15,5; 15,6; 15,4; 15,1; 14,8; 14,5; 14,2; 14,0; 13,8; 13,7; 13,5; 13,2; 13,0; 12,9; 12,5
Lamego; 163,2; 161,7; 160,5; 158,8; 156,9; 155,0; 153,3; 151,7; 150,6; 149,4; 148,5; 147,7; 146,5; 146,1; 145,9; 145,3
Mesão Frio; 169,5; 166,8; 164,3; 160,4; 156,2; 152,0; 148,1; 144,6; 141,0; 137,6; 134,3; 133,4; 132,7; 131,9; 130,8; 129,4
Moimenta da Beira; 47,0; 46,4; 46,0; 45,3; 44,7; 44,1; 43,7; 43,2; 43,0; 42,7; 42,6; 43,0; 43,2; 43,7; 44,2; 44,4
Murça; 31,9; 31,5; 31,1; 30,6; 30,1; 29,7; 29,3; 29,0; 28,7; 28,5; 28,2; 27,9; 27,7; 27,6; 27,8; 27,6
Penedono; 22,6; 22,2; 22,2; 21,9; 21,7; 21,3; 21,2; 21,0; 20,8; 20,7; 20,7; 20,8; 20,9; 20,9; 21,0; 21,0
Peso da Régua; 183,1; 180,9; 178,5; 175,0; 171,9; 168,6; 165,7; 162,7; 160,3; 157,9; 155,7; 154,2; 152,8; 152,1; 151,8; 150,5
Sabrosa; 41,2; 40,6; 39,7; 39,0; 38,3; 37,6; 37,0; 36,5; 36,1; 35,6; 35,3; 35,5; 35,5; 35,7; 35,9; 35,9
Santa Marta de Penaguião; 108,2; 106,4; 103,5; 101,3; 99,5; 97,5; 95,7; 94,0; 92,5; 90,8; 89,0; 88,2; 87,2; 86,5; 86,4; 85,9
São João da Pesqueira; 30,1; 29,7; 29,1; 28,5; 28,1; 27,7; 27,2; 26,8; 26,5; 26,2; 25,9; 25,8; 25,6; 25,5; 25,4; 25,3
Sernancelhe; 25,2; 24,8; 24,9; 24,8; 24,5; 24,3; 24,2; 24,1; 24,0; 24,2; 24,6; 24,7; 24,9; 25,1; 25,3; 25,4
Tabuaço; 48,0; 47,5; 46,1; 44,9; 43,6; 42,3; 41,2; 40,1; 38,9; 38,0; 37,3; 37,5; 37,6; 37,7; 37,7; 37,6
Tarouca; 81,2; 80,6; 78,6; 77,5; 76,5; 75,4; 74,6; 74,1; 73,6; 73,2; 73,1; 73,4; 73,8; 74,7; 76,1; 77,0
Torre de Moncorvo; 16,5; 16,2; 15,4; 15,0; 14,7; 14,3; 14,1; 13,8; 13,6; 13,3; 13,1; 12,9; 12,8; 12,7; 12,7; 12,5
Vila Nova de Foz Côa; 18,7; 18,4; 17,9; 17,7; 17,4; 17,2; 17,0; 16,7; 16,5; 16,2; 16,0; 15,9; 15,8; 15,9; 16,0; 16,0
Vila Real; 136,8; 137,1; 137,0; 136,0; 134,8; 133,7; 133,2; 132,6; 132,1; 131,7; 131,7; 131,3; 130,9; 131,1; 131,8; 132,1
Terras de Trás-os-Montes; 21,5; 21,2; 21,0; 20,8; 20,6; 20,3; 20,1; 20,0; 19,8; 19,7; 19,6; 19,5; 19,3; 19,3; 19,4; 19,4
Alfândega da Fé; 16,2; 15,9; 15,5; 15,2; 14,9; 14,6; 14,4; 14,2; 14,0; 13,9; 13,8; 13,5; 13,3; 13,2; 13,1; 13,0
Bragança; 30,2; 30,2; 30,5; 30,3; 30,1; 29,9; 29,8; 29,7; 29,7; 29,7; 29,8; 29,6; 29,6; 29,9; 30,2; 30,3
Macedo de Cavaleiros; 22,9; 22,6; 22,1; 21,8; 21,6; 21,3; 21,1; 21,0; 20,8; 20,7; 20,6; 20,4; 20,3; 20,3; 20,4; 20,4
Miranda do Douro; 15,6; 15,4; 15,1; 14,9; 14,6; 14,3; 14,2; 14,0; 13,8; 13,6; 13,5; 13,4; 13,1; 13,0; 12,9; 12,8
Mirandela; 36,7; 36,3; 36,0; 35,6; 35,1; 34,7; 34,3; 33,8; 33,5; 33,1; 32,9; 32,6; 32,4; 32,4; 32,5; 32,4
Mogadouro; 12,8; 12,6; 12,3; 12,1; 11,9; 11,8; 11,6; 11,5; 11,4; 11,3; 11,2; 11,1; 10,9; 10,9; 10,8; 10,7
Vila Flor; 25,7; 25,3; 24,9; 24,6; 24,3; 23,9; 23,6; 23,5; 23,3; 23,1; 23,0; 23,0; 22,8; 22,7; 22,7; 22,7
Vimioso; 9,9; 9,8; 9,5; 9,4; 9,3; 9,2; 9,1; 9,0; 8,8; 8,8; 8,8; 8,7; 8,6; 8,6; 8,7; 8,7
Vinhais; 13,4; 13,1; 12,6; 12,5; 12,3; 12,1; 11,9; 11,7; 11,6; 11,5; 11,3; 11,2; 11,0; 10,8; 10,7; 10,6
Centro;-;-;-;-;-;-;-;-;-;-;-;-; 71,7; 71,9; 72,9; 73,8
Região de Aveiro;-;-;-;-;-;-;-;-;-;-;-;-; 220,6; 222,6; 227,2; 231,7
Águeda; 143,1; 142,5; 142,4; 141,4; 140,2; 139,2; 138,5; 137,8; 137,5; 137,0; 137,8; 138,2; 138,7; 139,2; 140,8; 142,4
Albergaria-a-Velha; 158,9; 159,2; 159,8; 159,0; 158,1; 157,3; 156,6; 155,9; 155,8; 155,8; 156,4; 157,4; 158,7; 159,5; 162,3; 164,8
Anadia; 136,2; 134,8; 134,2; 132,9; 131,5; 130,5; 129,5; 128,7; 127,8; 127,1; 127,1; 127,8; 128,7; 128,7; 130,2; 131,6
Aveiro; 395,4; 397,1; 400,1; 400,3; 400,1; 400,5; 401,2; 402,4; 404,5; 407,6; 412,8; 411,6; 418,0; 424,1; 435,5; 446,2
Estarreja; 251,2; 249,7; 250,6; 248,6; 246,6; 244,9; 243,8; 242,7; 241,5; 241,7; 242,9; 243,9; 245,3; 246,4; 250,5; 254,0
Ílhavo; 524,6; 525,2; 526,6; 525,5; 523,8; 521,8; 521,8; 521,9; 522,7; 523,7; 528,6; 536,5; 547,5; 557,1; 573,3; 588,1
Murtosa; 143,9; 145,0; 144,4; 143,7; 142,8; 141,9; 141,6; 140,8; 140,9; 141,1; 142,7; 143,8; 146,0; 146,7; 151,0; 155,4
Oliveira do Bairro; 261,9; 263,7; 265,1; 263,8; 262,0; 260,9; 260,8; 260,4; 260,4; 261,3; 264,4; 266,8; 272,3; 277,7; 286,9; 295,2
Ovar; 376,1; 375,3; 375,7; 374,3; 372,7; 371,0; 370,0; 369,5; 369,2; 369,4; 371,5; 373,7; 376,3; 378,4; 384,1; 390,5
Sever do Vouga; 95,7; 95,4; 94,0; 92,7; 91,5; 90,3; 89,5; 88,2; 87,2; 86,4; 86,0; 85,4; 84,8; 84,0; 84,3; 84,9
Vagos; 138,4; 138,7; 139,2; 138,5; 137,9; 137,2; 136,9; 136,6; 136,6; 137,2; 138,2; 139,7; 141,9; 143,9; 148,3; 152,6
Região de Coimbra;-;-;-;-;-;-;-;-;-;-;-;-; 101,5; 101,8; 103,1; 104,4
Arganil; 37,1; 36,6; 36,4; 35,9; 35,3; 34,9; 34,6; 34,3; 33,9; 33,6; 33,4; 33,6; 33,6; 33,5; 34,0; 34,4
Cantanhede; 94,4; 93,8; 93,6; 92,6; 91,6; 90,7; 90,0; 89,2; 88,6; 88,2; 88,1; 88,1; 88,0; 88,1; 89,3; 90,6
Coimbra; 451,8; 449,6; 449,0; 447,9; 446,4; 445,4; 445,3; 444,7; 444,7; 444,9; 447,3; 443,2; 444,2; 447,1; 453,4; 459,9
Condeixa-a-Nova; 122,2; 123,4; 124,4; 123,8; 122,9; 122,1; 121,8; 121,4; 121,2; 120,8; 121,0; 121,3; 122,5; 124,1; 126,6; 129,0
Figueira da Foz; 164,6; 164,3; 164,4; 162,8; 161,2; 159,7; 158,6; 157,5; 156,2; 155,5; 155,5; 156,5; 156,7; 157,8; 160,1; 162,0
Góis; 16,5; 16,2; 16,2; 15,9; 15,8; 15,5; 15,4; 15,2; 14,9; 14,7; 14,6; 14,5; 14,4; 14,3; 14,4; 14,5
Lousã; 126,2; 127,3; 127,4; 126,5; 125,6; 124,6; 124,1; 123,5; 123,1; 122,6; 122,4; 123,3; 124,0; 124,4; 125,9; 127,6
Mealhada; 185,6; 184,9; 184,3; 182,9; 181,2; 179,7; 178,7; 177,6; 176,4; 175,3; 175,2; 175,6; 176,6; 177,3; 178,8; 180,9
Mira; 101,2; 100,8; 100,8; 100,1; 99,5; 98,6; 98,0; 97,7; 97,3; 97,0; 97,4; 98,3; 98,7; 99,1; 101,0; 102,6
Miranda do Corvo; 104,2; 103,9; 104,4; 103,2; 101,8; 100,6; 99,6; 98,7; 97,6; 96,4; 95,7; 95,6; 95,5; 95,2; 95,9; 97,1
Montemor-o-Velho; 114,1; 114,5; 114,1; 113,1; 111,9; 110,8; 109,9; 109,1; 108,1; 107,4; 107,1; 107,8; 108,0; 108,0; 108,7; 109,8
Mortágua; 38,7; 38,4; 38,0; 37,7; 37,3; 36,9; 36,6; 36,3; 36,0; 35,9; 35,9; 35,9; 35,9; 35,6; 36,1; 36,2
Oliveira do Hospital; 89,9; 89,1; 88,4; 87,6; 86,6; 85,7; 85,1; 84,3; 83,8; 83,1; 83,0; 83,2; 83,0; 82,3; 83,0; 83,6
Pampilhosa da Serra; 11,6; 11,4; 11,2; 10,9; 10,8; 10,7; 10,6; 10,5; 10,4; 10,3; 10,4; 10,3; 10,3; 10,3; 10,4; 10,5
Penacova; 71,3; 70,5; 69,6; 68,5; 67,3; 66,2; 65,3; 64,2; 63,1; 62,2; 61,4; 60,8; 60,1; 59,5; 59,6; 59,8
Penela; 44,9; 44,5; 44,2; 43,6; 42,9; 42,4; 42,0; 41,5; 41,0; 40,7; 40,5; 40,6; 40,8; 41,1; 41,6; 42,4
Soure; 73,6; 72,8; 72,2; 71,2; 70,2; 69,2; 68,3; 67,5; 66,6; 65,9; 65,3; 65,3; 65,2; 64,7; 65,0; 65,3
Tábua; 61,0; 60,6; 60,6; 59,8; 59,1; 58,4; 57,9; 57,3; 56,7; 56,1; 55,8; 56,4; 56,8; 57,1; 58,1; 59,0
Vila Nova de Poiares; 86,1; 86,3; 87,7; 86,7; 85,5; 84,5; 83,6; 82,8; 81,8; 81,0; 80,7; 81,5; 82,9; 83,5; 84,5; 86,0
Região de Leiria;-;-;-;-;-;-;-;-;-;-;-;-; 118,4; 119,3; 121,4; 123,2
Alvaiázere; 46,2; 45,6; 44,4; 43,8; 42,9; 42,2; 41,6; 40,8; 40,1; 39,5; 39,1; 39,2; 39,3; 39,2; 39,6; 40,4
Ansião; 75,4; 74,7; 74,5; 73,3; 72,2; 71,1; 70,2; 69,3; 68,1; 67,1; 66,6; 66,7; 66,5; 66,5; 67,4; 67,7
Batalha; 152,4; 153,1; 151,7; 150,9; 150,0; 149,3; 149,1; 148,6; 148,4; 148,4; 149,3; 150,9; 153,1; 156,0; 160,2; 163,4
Castanheira de Pêra; 48,9; 48,0; 47,3; 46,4; 45,5; 44,5; 43,7; 42,6; 41,8; 41,3; 40,7; 40,3; 40,3; 40,2; 40,6; 41,3
Figueiró dos Vinhos; 36,4; 35,7; 34,8; 34,2; 33,6; 33,0; 32,6; 32,2; 31,8; 31,2; 30,9; 30,6; 30,4; 30,1; 30,4; 30,7
Leiria; 223,9; 224,6; 226,1; 225,4; 224,7; 224,1; 224,2; 224,2; 224,5; 224,8; 226,7; 228,4; 230,2; 232,6; 236,8; 240,7
Marinha Grande; 205,4; 206,8; 207,1; 206,4; 205,9; 205,1; 205,1; 205,2; 205,6; 206,0; 207,4; 209,4; 211,7; 214,4; 219,0; 223,1
Pedrógão Grande; 31,0; 30,5; 29,9; 29,4; 28,9; 28,4; 28,2; 27,7; 27,2; 26,9; 26,6; 26,7; 27,2; 27,4; 28,2; 28,9
Pombal; 88,8; 88,4; 88,3; 87,3; 86,1; 85,1; 84,3; 83,4; 82,6; 81,9; 81,7; 82,3; 82,2; 82,0; 83,1; 84,0
Porto de Mós; 93,2; 93,1; 93,0; 92,2; 91,2; 90,3; 89,7; 89,0; 88,4; 87,9; 87,9; 89,0; 89,8; 90,4; 91,7; 92,8
Viseu Dão Lafões;-;-;-;-;-;-;-;-;-;-;-;-; 78,5; 78,3; 79,3; 80,2
Aguiar da Beira; 27,0; 26,6; 28,3; 28,0; 27,7; 27,4; 27,0; 26,7; 26,4; 26,2; 26,0; 25,9; 25,7; 25,6; 25,6; 25,8
Carregal do Sal; 84,9; 84,2; 83,8; 82,8; 82,0; 81,1; 80,5; 79,5; 78,8; 78,3; 78,1; 77,8; 77,7; 77,7; 78,5; 79,2
Castro Daire; 41,1; 40,5; 39,8; 39,3; 38,8; 38,4; 38,0; 37,5; 37,2; 36,8; 36,5; 36,4; 36,1; 35,9; 36,2; 36,4
Mangualde; 91,5; 90,9; 90,3; 89,4; 88,4; 87,2; 86,5; 85,6; 84,7; 84,0; 83,7; 84,0; 83,8; 83,6; 84,8; 85,6
Nelas; 112,2; 111,7; 111,8; 110,5; 109,2; 108,1; 107,0; 106,3; 105,6; 104,8; 104,5; 105,2; 105,1; 104,6; 106,0; 107,5
Oliveira de Frades; 71,1; 70,7; 70,2; 69,5; 68,7; 67,9; 67,3; 66,5; 66,0; 65,6; 65,8; 65,8; 66,4; 66,2; 67,2; 67,7
Penalva do Castelo; 60,3; 59,3; 59,3; 58,5; 57,7; 56,9; 56,3; 55,6; 55,1; 54,6; 54,5; 54,8; 54,6; 54,2; 54,7; 55,2
Santa Comba Dão; 104,7; 103,7; 103,6; 102,2; 101,1; 99,6; 98,4; 97,2; 96,4; 95,5; 95,2; 95,9; 96,4; 96,5; 97,6; 98,5
São Pedro do Sul; 48,9; 48,4; 47,4; 46,9; 46,2; 45,6; 45,0; 44,5; 44,0; 43,6; 43,5; 43,6; 43,5; 43,2; 43,6; 43,8
Sátão; 62,4; 61,9; 61,9; 60,8; 59,7; 58,5; 57,5; 56,7; 55,9; 55,0; 54,6; 54,8; 54,6; 54,6; 55,2; 55,8
Tondela; 79,0; 78,2; 76,7; 75,8; 74,6; 73,6; 72,8; 71,9; 71,1; 70,5; 70,2; 70,3; 69,8; 69,1; 69,6; 69,9
Vila Nova de Paiva; 30,2; 29,5; 29,7; 29,2; 28,6; 28,1; 27,7; 27,3; 27,1; 26,8; 26,6; 26,8; 26,7; 26,7; 27,1; 27,6
Viseu; 195,1; 195,8; 197,2; 196,6; 195,9; 195,4; 195,1; 194,9; 194,8; 195,1; 196,5; 197,2; 197,7; 197,9; 201,1; 204,1
Vouzela; 55,4; 54,6; 53,7; 52,9; 52,2; 51,5; 51,1; 50,5; 49,8; 49,3; 49,1; 49,8; 50,1; 49,8; 50,4; 50,6
Beira Baixa;-;-;-;-;-;-;-;-;-;-;-;-; 18,9; 18,9; 19,0; 19,2
Castelo Branco; 39,1; 39,1; 39,0; 38,6; 38,2; 37,9; 37,6; 37,3; 37,0; 36,8; 36,7; 36,6; 36,5; 36,5; 36,8; 37,1
Idanha-a-Nova; 7,1; 6,9; 6,7; 6,6; 6,5; 6,4; 6,3; 6,2; 6,1; 6,1; 6,0; 6,0; 5,9; 5,9; 6,0; 6,0
Oleiros; 12,4; 12,2; 11,8; 11,6; 11,3; 11,1; 10,9; 10,7; 10,5; 10,4; 10,3; 10,4; 10,5; 10,4; 10,4; 10,4
Penamacor; 10,4; 10,2; 9,7; 9,5; 9,3; 9,1; 9,0; 8,8; 8,7; 8,6; 8,5; 8,5; 8,5; 8,4; 8,5; 8,6
Proença-a-Nova; 21,5; 21,1; 20,7; 20,4; 20,0; 19,6; 19,3; 19,0; 18,7; 18,4; 18,2; 18,1; 18,0; 18,0; 17,9; 18,0
Sertã; 35,9; 35,7; 34,9; 34,5; 34,1; 33,9; 33,6; 33,3; 33,2; 33,0; 32,9; 33,2; 33,3; 33,3; 33,4; 33,5
Vila de Rei; 18,1; 18,1; 19,0; 18,6; 18,3; 18,0; 17,8; 17,5; 17,2; 17,0; 16,9; 17,2; 17,7; 17,8; 18,0; 18,0
Vila Velha de Ródão; 10,9; 10,7; 10,8; 10,6; 10,3; 10,2; 10,0; 9,9; 9,8; 9,8; 9,8; 10,1; 10,4; 10,5; 10,7; 10,8
Beiras e Serra da Estrela;-;-;-;-;-;-;-;-;-;-;-;-; 33,4; 33,1; 33,3; 33,4
Almeida; 14,3; 14,1; 14,1; 13,7; 13,4; 13,0; 12,8; 12,4; 12,1; 11,8; 11,5; 11,3; 11,2; 11,0; 11,0; 10,9
Belmonte; 58,5; 57,9; 57,7; 56,7; 56,0; 54,9; 54,2; 53,6; 52,9; 52,3; 51,9; 52,0; 52,2; 52,0; 52,3; 52,8
Celorico da Beira; 31,8; 31,2; 30,5; 30,1; 29,5; 29,0; 28,5; 28,1; 27,6; 27,2; 26,9; 26,8; 26,6; 26,4; 26,7; 26,8
Covilhã; 94,1; 93,4; 92,3; 91,2; 90,0; 88,9; 87,9; 86,9; 86,0; 85,2; 84,8; 84,1; 83,5; 82,9; 83,5; 83,9
Figueira de Castelo Rodrigo; 12,6; 12,4; 12,2; 12,0; 11,8; 11,6; 11,3; 11,1; 10,8; 10,6; 10,4; 10,2; 10,0; 10,0; 9,9; 9,9
Fornos de Algodres; 38,7; 38,0; 38,9; 38,3; 37,7; 37,0; 36,5; 35,8; 35,1; 34,4; 33,9; 33,9; 33,6; 33,3; 33,3; 33,5
Fundão; 42,3; 41,8; 41,1; 40,5; 40,0; 39,6; 39,2; 38,8; 38,4; 38,1; 38,0; 38,1; 38,1; 38,0; 38,5; 39,0
Gouveia; 47,7; 46,9; 46,4; 45,6; 44,9; 44,2; 43,4; 42,8; 42,1; 41,5; 41,0; 40,9; 40,7; 40,3; 40,7; 40,9
Guarda; 60,2; 59,8; 60,1; 59,6; 59,0; 58,5; 58,1; 57,6; 57,2; 56,9; 56,8; 56,6; 56,4; 56,0; 56,2; 56,2
Manteigas; 28,9; 28,2; 28,3; 27,7; 27,2; 26,6; 26,2; 25,7; 25,3; 24,9; 24,7; 24,4; 24,2; 24,0; 24,1; 24,2
Mêda; 18,6; 18,2; 17,5; 17,3; 17,1; 16,9; 16,7; 16,5; 16,4; 16,2; 16,2; 16,1; 16,1; 16,0; 16,0; 16,1
Pinhel; 20,2; 19,9; 19,4; 19,0; 18,7; 18,4; 18,2; 17,9; 17,7; 17,4; 17,2; 16,9; 16,5; 16,3; 16,2; 16,1
Sabugal; 15,6; 15,3; 15,4; 15,2; 14,9; 14,7; 14,4; 14,2; 14,0; 13,8; 13,8; 13,8; 13,8; 13,6; 13,7; 13,7
Seia; 57,6; 56,8; 57,2; 56,2; 55,2; 54,3; 53,5; 52,6; 51,9; 51,1; 50,5; 50,2; 49,8; 49,2; 49,2; 49,1
Trancoso; 27,8; 27,4; 27,1; 26,5; 26,0; 25,4; 25,0; 24,6; 24,2; 23,8; 23,5; 23,4; 23,2; 22,9; 23,0; 23,2
Oeste e Vale do Tejo;-;-;-;-;-;-;-;-;-;-;-;-; 89,8; 91,0; 92,7; 94,0
Oeste;-;-;-;-;-;-;-;-;-;-;-;-; 167,7; 170,7; 174,9; 178,1
Alcobaça; 139,3; 139,2; 139,3; 138,1; 136,9; 135,9; 135,2; 134,4; 133,7; 133,2; 133,7; 135,5; 136,6; 138,0; 140,5; 142,0
Alenquer; 141,2; 142,3; 142,8; 142,2; 141,5; 141,3; 141,4; 141,7; 142,0; 142,4; 143,8; 146,9; 150,9; 154,2; 158,8; 162,6
Arruda dos Vinhos; 168,0; 171,8; 173,5; 173,1; 172,8; 172,7; 173,2; 174,1; 174,6; 174,9; 177,0; 180,6; 185,1; 191,3; 196,5; 202,1
Bombarral; 145,6; 144,7; 144,6; 143,4; 141,6; 139,9; 138,8; 137,7; 136,9; 136,3; 136,4; 140,7; 145,0; 148,4; 153,2; 156,3
Cadaval; 81,4; 81,6; 81,8; 80,8; 79,7; 78,7; 78,0; 77,3; 76,5; 75,7; 75,6; 77,2; 79,1; 80,4; 82,5; 84,1
Caldas da Rainha; 201,9; 202,6; 203,7; 202,6; 201,2; 199,9; 199,1; 198,3; 197,9; 197,7; 198,9; 200,4; 203,3; 206,3; 211,8; 215,9
Lourinhã; 173,8; 175,1; 176,7; 175,9; 175,1; 174,5; 174,4; 174,1; 174,1; 174,3; 175,6; 179,3; 183,4; 188,0; 192,9; 196,9
Nazaré; 184,2; 184,2; 184,5; 183,8; 182,5; 181,7; 181,4; 180,8; 180,4; 180,2; 180,9; 180,9; 182,7; 186,2; 190,4; 192,4
Óbidos; 82,5; 83,3; 83,5; 83,4; 82,9; 82,6; 82,5; 82,5; 82,4; 82,4; 82,7; 85,0; 87,7; 90,6; 93,9; 96,9
Peniche; 358,7; 358,6; 358,0; 355,2; 352,0; 349,0; 347,2; 345,3; 343,5; 341,8; 341,9; 342,8; 344,8; 350,0; 355,3; 358,4
Sobral de Monte Agraço; 193,0; 195,2; 197,6; 197,3; 197,0; 196,7; 196,9; 196,7; 197,2; 197,9; 199,5; 204,3; 213,5; 220,1; 228,0; 234,4
Torres Vedras; 194,1; 195,4; 197,9; 197,8; 197,2; 197,2; 197,5; 197,6; 198,2; 199,0; 201,1; 205,2; 208,6; 211,5; 216,2; 219,9
Médio Tejo;-;-;-;-;-;-;-;-;-;-;-;-; 78,6; 78,9; 80,0; 80,7
Abrantes; 55,7; 55,2; 54,4; 53,5; 52,7; 52,0; 51,3; 50,6; 49,9; 49,3; 48,9; 48,4; 47,8; 47,4; 47,3; 47,3
Alcanena; 109,8; 109,1; 107,9; 106,6; 105,3; 104,0; 102,9; 101,4; 100,3; 99,4; 98,7; 98,7; 98,5; 99,1; 100,1; 101,1
Constância; 50,1; 50,4; 50,6; 50,3; 49,8; 49,3; 48,8; 48,4; 48,0; 47,7; 47,5; 47,1; 47,6; 48,2; 49,2; 50,0
Entroncamento; 1 462,3; 1 472,7; 1 479,7; 1 474,6; 1 464,8; 1 459,0; 1 454,9; 1 453,2; 1 447,9; 1 446,6; 1 455,6; 1 474,1; 1 521,3; 1 554,7; 1 601,2; 1 646,3
Ferreira do Zêzere; 45,8; 45,4; 45,0; 44,3; 43,6; 43,0; 42,4; 42,0; 41,5; 41,2; 41,0; 41,1; 41,4; 41,5; 42,1; 42,6
Mação; 18,8; 18,5; 18,3; 18,0; 17,6; 17,3; 17,0; 16,8; 16,4; 16,1; 16,0; 16,0; 16,1; 16,0; 16,0; 16,0
Ourém; 110,8; 110,4; 111,3; 110,2; 109,2; 108,1; 107,4; 106,8; 106,1; 105,7; 106,2; 107,5; 108,6; 109,7; 111,6; 112,8
Sardoal; 43,1; 42,8; 43,1; 42,4; 41,6; 41,0; 40,5; 39,9; 39,4; 38,8; 38,5; 38,2; 38,5; 38,8; 39,3; 39,5
Tomar; 116,8; 116,1; 115,0; 113,5; 111,9; 110,3; 108,9; 107,6; 106,2; 105,0; 104,4; 104,3; 104,1; 103,8; 105,0; 105,5
Torres Novas; 136,4; 136,3; 136,1; 134,7; 133,2; 131,9; 130,8; 129,8; 128,6; 127,6; 127,0; 127,3; 127,2; 127,4; 128,6; 129,6
Vila Nova da Barquinha; 148,4; 147,8; 147,9; 146,6; 145,3; 144,3; 143,0; 142,0; 141,5; 140,6; 140,2; 143,1; 147,2; 151,4; 157,1; 162,2
Lezíria do Tejo;-;-;-;-;-;-;-;-;-;-;-;-; 56,3; 57,1; 58,0; 58,8
Almeirim; 104,9; 105,3; 105,6; 104,8; 103,8; 102,7; 102,0; 101,1; 100,4; 99,6; 99,4; 99,7; 100,5; 101,7; 102,7; 103,9
Alpiarça; 81,6; 80,9; 80,5; 79,6; 78,5; 77,1; 76,1; 74,9; 74,0; 73,0; 72,4; 73,2; 74,4; 75,6; 76,9; 78,6
Azambuja; 82,9; 83,2; 83,1; 82,7; 82,1; 81,6; 81,3; 80,9; 80,8; 80,9; 81,3; 82,0; 83,7; 85,1; 87,3; 89,3
Benavente; 54,6; 55,6; 56,1; 56,0; 55,7; 55,6; 55,6; 55,5; 55,5; 55,6; 55,9; 57,3; 59,0; 60,6; 62,0; 63,5
Cartaxo; 154,7; 154,9; 155,0; 153,6; 151,9; 150,5; 149,2; 147,8; 146,7; 145,6; 145,3; 147,4; 149,9; 151,7; 154,0; 156,2
Chamusca; 13,8; 13,6; 13,2; 12,9; 12,7; 12,5; 12,3; 12,1; 11,9; 11,7; 11,6; 11,5; 11,5; 11,5; 11,4; 11,5
Coruche; 18,1; 17,9; 17,7; 17,4; 17,2; 16,9; 16,7; 16,4; 16,2; 15,9; 15,8; 15,7; 15,6; 15,6; 15,6; 15,5
Golegã; 71,9; 71,4; 70,7; 69,9;┴  69,0; 68,0; 67,2; 66,2; 65,4; 64,6; 63,9; 63,7; 64,1; 64,2; 64,5; 65,1
Rio Maior; 77,9; 77,8; 78,0; 77,5; 77,1; 76,7; 76,5; 76,3; 76,1; 76,3; 76,9; 77,6; 79,0; 80,5; 81,8; 83,1
Salvaterra de Magos; 90,3; 91,0; 91,5; 90,9; 90,2; 89,4; 88,9; 88,0; 87,5; 87,0; 87,1; 89,2; 91,4; 93,7; 95,7; 97,7
Santarém; 111,7; 111,2; 111,7; 110,8;┴  109,8; 108,8; 108,0; 107,2; 106,4; 105,9; 106,0; 106,8; 108,2; 109,2; 110,4; 111,6
Grande Lisboa;-;-;-;-;-;-;-;-;-;-;-;-; 1 488,3; 1 509,2; 1 529,9; 1 551,5
Grande Lisboa;-;-;-;-;-;-;-;-;-;-;-;-; 1 488,3; 1 509,2; 1 529,9; 1 551,5
Amadora; 7 370,3; 7 363,6; 7 285,4; 7 260,7; 7 231,1; 7 227,5; 7 228,6; 7 225,7; 7 246,6; 7 251,6; 7 292,4; 7 242,3; 7 281,6; 7 363,6; 7 495,9; 7 637,0
Cascais; 2 085,2; 2 119,6; 2 141,0; 2 139,7; 2 137,6; 2 142,8; 2 153,2; 2 162,4; 2 175,4; 2 184,7; 2 206,2; 2 207,9; 2 195,9; 2 230,2; 2 255,0; 2 282,7
Lisboa; 6 476,6; 6 456,4; 5 423,2; 5 418,2;┴  5 415,9; 5 436,0; 5 466,5; 5 491,8; 5 524,5; 5 550,7; 5 613,0; 5 486,0; 5 448,7; 5 572,4; 5 668,5; 5 754,5
Loures; 1 207,6; 1 210,8; 1 195,8; 1 193,7;┴  1 191,2; 1 193,8; 1 195,3; 1 196,7; 1 199,8; 1 202,2; 1 210,0; 1 211,5; 1 212,0; 1 222,3; 1 238,1; 1 254,9
Mafra; 254,8; 262,9; 266,7; 268,3; 270,0; 272,5; 275,8; 278,5; 282,0; 285,6; 290,8; 299,0; 301,5; 306,4; 309,0; 312,9
Odivelas; 5 436,1; 5 480,3; 5 474,9; 5 478,0; 5 478,7; 5 497,7; 5 520,9; 5 539,6; 5 571,3; 5 589,8; 5 631,8; 5 606,0; 5 618,7; 5 694,9; 5 791,6; 5 888,4
Oeiras; 3 735,9; 3 752,8; 3 750,9; 3 745,9; 3 735,6; 3 736,6; 3 742,2; 3 745,0; 3 751,0; 3 757,0; 3 779,8; 3 743,7; 3 745,3; 3 789,2; 3 829,1; 3 876,8
Sintra; 1 180,8; 1 183,1; 1 187,7; 1 185,5; 1 182,3; 1 182,2; 1 185,2; 1 186,7; 1 190,8; 1 194,3; 1 203,7; 1 212,8; 1 213,0; 1 223,8; 1 239,0; 1 256,0
Vila Franca de Xira; 426,8; 430,3; 431,6; 430,2; 428,6; 428,7; 428,8; 429,2; 430,0; 430,7; 433,1; 434,3; 432,7; 435,2; 438,3; 442,2
Península de Setúbal;-;-;-;-;-;-;-;-;-;-;-;-; 501,4; 506,9; 513,5; 522,1
Península de Setúbal;-;-;-;-;-;-;-;-;-;-;-;-; 501,4; 506,9; 513,5; 522,1
Alcochete; 133,2; 136,8; 138,8; 139,5; 140,2; 141,5; 142,5; 143,4; 144,9; 146,0; 147,9; 150,2; 151,7; 154,4; 156,6; 159,4
Almada; 2 464,8; 2 481,7; 2 503,1; 2 497,8; 2 492,6; 2 495,1; 2 499,6; 2 505,7; 2 513,0; 2 519,4; 2 539,7; 2 544,1; 2 542,1; 2 562,1; 2 588,7; 2 623,1
Barreiro; 2 170,1; 2 168,5; 2 172,3; 2 162,8; 2 151,2; 2 144,8; 2 142,3; 2 141,1; 2 144,3; 2 147,9; 2 165,3; 2 165,9; 2 162,8; 2 171,1; 2 197,5; 2 229,5
Moita; 1 199,7; 1 195,4; 1 200,1; 1 194,9; 1 188,0; 1 184,5; 1 181,6; 1 178,5; 1 178,0; 1 178,0; 1 184,2; 1 206,9; 1 212,9; 1 227,8; 1 247,7; 1 274,0
Montijo; 143,4; 146,9; 148,9; 149,3; 149,4; 150,1; 151,0; 152,1; 153,3; 154,7; 157,5; 161,1; 163,3; 166,5; 169,8; 173,9
Palmela; 133,1; 135,2; 138,4; 138,9; 139,0; 139,7; 140,5; 141,3; 142,1; 142,9; 144,8; 149,4; 151,1; 154,1; 156,8; 160,1
Seixal; 1 650,7; 1 657,4; 1 677,3; 1 676,6; 1 676,0; 1 679,5; 1 682,9; 1 687,9; 1 696,5; 1 705,5; 1 721,3; 1 752,6; 1 761,2; 1 783,2; 1 814,2; 1 853,1
Sesimbra; 247,7; 253,3; 256,2; 256,6; 256,6; 257,4; 258,2; 258,9; 260,4; 261,8; 263,8; 269,2; 272,8; 279,0; 283,6; 289,1
Setúbal; 524,1; 526,5; 531,3; 529,9; 528,4; 528,4; 529,1; 529,6; 530,7; 532,5; 536,6; 539,6; 534,6; 535,2; 536,4; 539,8
Alentejo;-;-;-;-;-;-;-;-;-;-;-;-; 17,3; 17,3; 17,4; 17,4
Alentejo Litoral;-;-;-;-;-;-;-;-;-;-;-;-; 18,5; 18,8; 19,1; 19,3
Alcácer do Sal; 8,8; 8,7; 8,6; 8,4; 8,3; 8,1; 8,0; 7,9; 7,8; 7,7; 7,6; 7,5; 7,4; 7,4; 7,4; 7,4
Grândola; 18,1; 18,0; 17,8; 17,6; 17,5; 17,3; 17,2; 17,1; 17,0; 16,8; 16,8; 16,9; 16,9; 17,0; 17,2; 17,2
Odemira; 15,2; 15,2; 15,0; 15,0; 15,1; 15,2; 15,3; 15,5; 15,7; 16,1; 16,8; 17,3; 17,8; 18,6; 19,3; 19,7
Santiago do Cacém; 28,3; 28,1; 27,9; 27,7; 27,4; 27,1; 26,9; 26,7; 26,5; 26,3; 26,3; 26,4; 26,5; 26,5; 26,7; 26,7
Sines; 70,1; 70,1; 71,4; 71,1; 70,8; 70,4; 70,2; 69,9; 69,7; 69,7; 69,9; 70,3; 71,2; 72,0; 72,7; 72,8
Baixo Alentejo;-;-;-;-;-;-;-;-;-;-;-;-; 13,5; 13,5; 13,6; 13,5
Aljustrel; 20,5; 20,2; 20,1; 20,0; 19,9; 19,8; 19,6; 19,5; 19,4; 19,3; 19,3; 19,4; 19,4; 19,4; 19,5; 19,5
Almodôvar; 9,7; 9,6; 9,6; 9,5; 9,3; 9,2; 9,0; 8,9; 8,8; 8,8; 8,7; 8,7; 8,7; 8,6; 8,6; 8,6
Alvito; 9,6; 9,5; 9,9; 9,6; 9,5; 9,2; 9,0; 8,9; 8,7; 8,6; 8,5; 8,6; 8,7; 8,5; 8,6; 8,7
Barrancos; 11,0; 10,9; 10,8; 10,6; 10,4; 10,2; 10,0; 9,7; 9,6; 9,4; 9,2; 9,1; 8,9; 8,7; 8,5; 8,4
Beja; 31,4; 31,3; 31,4; 31,1; 30,8; 30,6; 30,3; 30,1; 29,8; 29,6; 29,6; 29,3; 29,3; 29,3; 29,5; 29,6
Castro Verde; 12,9; 12,8; 12,9; 12,8; 12,7; 12,6; 12,6; 12,5; 12,4; 12,3; 12,3; 12,1; 12,2; 12,2; 12,2; 12,2
Cuba; 28,5; 28,4; 28,9; 28,5; 28,0; 27,6; 27,2; 26,7; 26,3; 25,8; 25,6; 25,6; 25,6; 25,8; 26,0; 26,0
Ferreira do Alentejo; 12,9; 12,8; 12,7; 12,5; 12,4; 12,2; 12,1; 12,0; 11,9; 11,8; 11,8; 11,9; 12,1; 12,1; 12,2; 12,2
Mértola; 5,8; 5,6; 5,4; 5,3; 5,2; 5,2; 5,1; 5,0; 5,0; 4,9; 4,9; 4,9; 4,8; 4,8; 4,7; 4,7
Moura; 16,0; 15,8; 15,6; 15,4; 15,1; 14,9; 14,7; 14,5; 14,3; 14,1; 13,9; 13,9; 13,9; 13,9; 13,9; 13,9
Ourique; 8,3; 8,2; 8,2; 8,1; 7,9; 7,8; 7,7; 7,6; 7,5; 7,4; 7,4; 7,3; 7,3; 7,3; 7,3; 7,2
Serpa; 14,3; 14,2; 14,0; 13,8; 13,5; 13,3; 13,1; 13,0; 12,8; 12,6; 12,5; 12,5; 12,5; 12,4; 12,4; 12,4
Vidigueira; 18,9; 18,8; 18,4; 18,2; 17,9; 17,6; 17,4; 17,2; 16,9; 16,7; 16,6; 16,5; 16,5; 16,6; 16,5; 16,6
Alto Alentejo;-;-;-;-;-;-;-;-;-;-;-;-; 17,3; 17,1; 17,1; 17,0
Alter do Chão; 10,0; 9,9; 10,0; 9,8; 9,6; 9,4; 9,2; 9,0; 8,9; 8,8; 8,6; 8,5; 8,6; 8,7; 8,8; 8,9
Arronches; 10,2; 10,1; 10,3; 10,1; 10,0; 9,8; 9,7; 9,5; 9,4; 9,3; 9,1; 9,0; 8,9; 8,8; 8,8; 8,8
Avis; 7,7; 7,6; 7,5; 7,3; 7,1; 6,9; 6,8; 6,7; 6,5; 6,4; 6,3; 6,3; 6,3; 6,2; 6,3; 6,2
Campo Maior; 34,4; 34,3; 34,1; 34,0; 33,9; 33,7; 33,6; 33,4; 33,2; 33,1; 33,0; 32,8; 32,5; 32,2; 32,0; 31,9
Castelo de Vide; 13,1; 12,9; 13,3; 13,0; 12,8; 12,7; 12,5; 12,3; 12,1; 12,0; 11,9; 12,1; 12,1; 12,1; 12,1; 12,0
Crato; 9,5; 9,4; 9,5; 9,4; 9,2; 9,0; 8,8; 8,6; 8,5; 8,4; 8,2; 8,2; 8,1; 8,2; 8,2; 8,2
Elvas; 36,7; 36,6; 36,5; 36,0; 35,6; 35,1; 34,6; 34,1; 33,8; 33,5; 33,2; 33,1; 32,7; 32,4; 32,3; 32,2
Fronteira; 14,0; 13,8; 13,8; 13,5; 13,2; 13,0; 12,8; 12,6; 12,3; 12,1; 11,9; 11,8; 11,9; 11,8; 12,0; 12,0
Gavião; 14,3; 14,1; 14,1; 13,8; 13,4; 13,0; 12,8; 12,4; 12,2; 11,9; 11,6; 11,5; 11,5; 11,4; 11,3; 11,1
Marvão; 23,2; 22,8; 22,5; 22,2; 21,8; 21,5; 21,1; 20,8; 20,5; 20,1; 19,8; 19,7; 19,8; 19,6; 19,5; 19,5
Monforte; 8,0; 7,9; 7,9; 7,8; 7,7; 7,6; 7,5; 7,3; 7,2; 7,1; 7,1; 7,1; 7,2; 7,1; 7,1; 7,2
Nisa; 13,2; 13,0; 12,8; 12,5; 12,2; 11,9; 11,6; 11,3; 11,0; 10,8; 10,6; 10,4; 10,1; 9,9; 9,9; 9,8
Ponte de Sor; 20,2; 20,0; 19,8; 19,6; 19,3; 19,1; 18,9; 18,7; 18,5; 18,3; 18,2; 18,3; 18,2; 18,1; 18,1; 18,0
Portalegre; 56,2; 55,9; 55,1; 54,5; 53,9; 53,3; 52,7; 52,1; 51,5; 51,1; 50,6; 50,1; 49,8; 49,3; 49,0; 48,7
Sousel; 18,5; 18,3; 18,0; 17,7; 17,4; 17,0; 16,7; 16,4; 16,2; 15,9; 15,7; 15,7; 15,8; 15,7; 15,8; 15,8
Alentejo Central;-;-;-;-;-;-;-;-;-;-;-;-; 20,8; 20,7; 20,8; 20,8
Alandroal; 11,0; 10,8; 10,6; 10,4; 10,3; 10,1; 9,9; 9,8; 9,6; 9,5; 9,4; 9,3; 9,3; 9,2; 9,2; 9,2
Arraiolos; 10,8; 10,8; 10,6; 10,4; 10,3; 10,2; 10,0; 9,9; 9,8; 9,8; 9,7; 9,7; 9,8; 9,9; 9,9; 10,0
Borba; 51,1; 50,6; 50,0; 49,2; 48,8; 48,0; 47,4; 46,6; 46,1; 45,4; 44,8; 44,7; 44,5; 44,1; 44,1; 43,9
Estremoz; 28,2; 27,9; 27,4; 26,9; 26,6; 26,2; 26,0; 25,7; 25,4; 25,2; 24,9; 24,8; 24,8; 24,6; 24,4; 24,3
Évora; 43,4; 43,3; 43,3; 43,0; 42,7; 42,4; 42,2; 41,9; 41,7; 41,5; 41,5; 41,2; 41,2; 41,2; 41,3; 41,2
Montemor-o-Novo; 14,3; 14,2; 14,0; 13,9; 13,7; 13,5; 13,4; 13,3; 13,1; 13,0; 12,9; 12,9; 13,0; 12,9; 12,9; 12,9
Mora; 11,5; 11,3; 11,3; 11,0; 10,8; 10,6; 10,4; 10,2; 9,9; 9,7; 9,6; 9,5; 9,4; 9,4; 9,4; 9,4
Mourão; 9,8; 9,6; 9,5; 9,4; 9,2; 9,1; 9,0; 8,9; 8,7; 8,6; 8,5; 8,4; 8,6; 8,6; 8,7; 8,7
Portel; 10,9; 10,7; 10,4; 10,3; 10,2; 10,0; 9,9; 9,7; 9,6; 9,5; 9,5; 9,5; 9,6; 9,5; 9,5; 9,5
Redondo; 19,2; 19,1; 18,9; 18,7; 18,5; 18,2; 18,0; 17,8; 17,6; 17,4; 17,3; 17,1; 17,0; 17,0; 17,0; 17,0
Reguengos de Monsaraz; 23,5; 23,4; 23,2; 23,0; 22,7; 22,4; 22,2; 22,0; 21,7; 21,6; 21,4; 21,4; 21,3; 21,2; 21,3; 21,2
Vendas Novas; 53,4; 53,3; 53,3; 53,0; 52,6; 52,1; 51,7; 51,3; 50,9; 50,4; 50,4; 50,7; 51,1; 51,5; 51,9; 52,1
Viana do Alentejo; 14,6; 14,6; 14,9; 14,8; 14,5; 14,3; 14,2; 14,0; 13,8; 13,7; 13,7; 13,7; 13,8; 14,0; 14,1; 14,2
Vila Viçosa; 43,2; 42,8; 42,2; 41,8; 41,4; 40,8; 40,3; 39,7; 39,2; 38,8; 38,3; 38,0; 37,9; 37,6; 37,5; 37,3
Algarve; 89,2; 90,3; 90,5; 90,3; 90,0; 90,1; 90,4; 90,7; 91,3; 92,0; 93,2; 94,0; 94,1; 95,8; 96,9; 98,6
Algarve; 89,2; 90,3; 90,5; 90,3; 90,0; 90,1; 90,4; 90,7; 91,3; 92,0; 93,2; 94,0; 94,1; 95,8; 96,9; 98,6
Albufeira; 283,5; 290,0; 292,7; 293,3; 294,3; 296,2; 299,6; 302,3; 306,3; 310,3; 316,1; 315,5; 317,8; 330,7; 337,9; 347,0
Alcoutim; 5,2; 5,1; 5,0; 5,0; 4,9; 4,8; 4,7; 4,7; 4,6; 4,5; 4,5; 4,4; 4,4; 4,3; 4,2; 4,2
Aljezur; 18,0; 18,2; 17,8; 17,6; 17,5; 17,5; 17,5; 17,6; 17,7; 17,9; 18,3; 18,9; 19,0; 19,3; 19,7; 20,1
Castro Marim; 22,4; 22,5; 22,1; 22,0; 21,9; 21,7; 21,6; 21,5; 21,4; 21,3; 21,4; 21,6; 21,9; 22,3; 22,7; 23,2
Faro; 317,6; 320,1; 324,9; 324,7; 324,3; 324,6; 325,9; 327,2; 329,3; 331,9; 335,8; 335,6; 335,0; 340,2; 342,9; 347,3
Lagoa; 258,0; 260,4; 260,5; 259,3; 258,2; 257,7; 258,5; 259,4; 261,1; 262,5; 265,5; 270,0; 272,8; 277,7; 282,4; 289,3
Lagos; 143,2; 145,8; 146,3; 146,3; 146,2; 146,4; 147,6; 148,7; 150,3; 152,0; 155,0; 158,1; 157,7; 160,3; 162,2; 165,5
Loulé; 91,0; 92,4; 92,0; 91,7; 91,4; 91,3; 91,7; 91,9; 92,6; 93,3; 94,4; 95,2; 94,7; 96,4; 97,4; 99,2
Monchique; 15,6; 15,4; 15,0; 14,7; 14,5; 14,3; 14,2; 14,0; 13,9; 13,8; 13,8; 13,9; 13,7; 13,6; 13,5; 13,5
Olhão; 343,2; 346,9; 346,0; 343,8; 341,4; 339,3; 338,6; 337,9; 337,4; 337,5; 339,4; 342,9; 341,0; 342,5; 344,2; 347,3
Portimão; 299,9; 305,7; 309,6; 309,4; 309,5; 310,6; 312,6; 314,4; 317,4; 321,5; 327,2; 330,2; 331,1; 341,5; 346,5; 354,1
São Brás de Alportel; 69,1; 69,6; 70,2; 70,0; 69,8; 70,0; 70,3; 70,5; 70,8; 71,3; 72,4; 73,7; 74,0; 75,0; 75,7; 76,5
Silves; 54,2; 54,6; 54,1; 53,9; 53,6; 53,6; 53,6; 53,7; 53,8; 54,1; 54,8; 55,8; 56,2; 57,3; 58,1; 59,3
Tavira; 43,0; 43,2; 43,0; 43,0; 43,0; 43,1; 43,3; 43,7; 44,0; 44,4; 45,1; 45,6; 45,3; 45,6; 45,9; 46,6
Vila do Bispo; 29,4; 29,4; 29,4; 29,3; 29,3; 29,4; 29,5; 29,8; 30,1; 30,5; 31,2; 32,1; 32,4; 32,8; 33,1; 33,8
Vila Real de Santo António; 311,2; 313,1; 312,0; 309,8; 307,5; 306,2; 305,6; 305,5; 306,3; 307,4; 308,7; 309,8; 308,9; 312,7; 315,3; 319,1
Região Autónoma dos Açores; 106,3; 106,3; 106,4; 106,1; 105,7; 104,8; 104,1; 103,4; 102,9; 102,4; 102,1; 102,3; 102,8; 103,4; 103,8; 104,1
Região Autónoma dos Açores; 106,3; 106,3; 106,4; 106,1; 105,7; 104,8; 104,1; 103,4; 102,9; 102,4; 102,1; 102,3; 102,8; 103,4; 103,8; 104,1
Ilha de Santa Maria; 57,6; 57,3; 57,4; 57,2; 56,9; 56,5; 56,2; 55,9; 56,0; 55,7; 55,5; 56,0; 56,6; 56,9; 56,8; 56,8
Vila do Porto; 57,6; 57,3; 57,4; 57,2; 56,9; 56,5; 56,2; 55,9; 56,0; 55,7; 55,5; 56,0; 56,6; 56,9; 56,8; 56,8
Ilha de São Miguel;x;x;x;x;x;x;x;x;x;x;x;x;x;x;x;x
Lagoa [R.A.A.]; 316,3; 316,6; 315,9; 315,9; 315,1; 313,3; 312,0; 311,4; 310,5; 310,0; 309,5; 312,9; 317,2; 323,0; 327,3; 331,9
Nordeste; 49,5; 48,8; 48,5; 48,1; 47,6; 46,9; 46,4; 45,8; 45,2; 44,6; 44,0; 43,7; 43,7; 43,7; 43,7; 43,7
Ponta Delgada; 294,8; 295,3; 296,4; 296,4; 295,8; 294,0; 292,8; 291,6; 290,9; 290,1; 289,7; 289,8; 291,2; 293,5; 295,1; 296,3
Povoação; 60,1; 59,4; 59,0; 58,6; 57,9; 57,3; 56,9; 56,2; 55,4; 55,0; 54,9; 55,0; 55,2; 55,3; 55,1; 55,3
Ribeira Grande; 176,1; 177,9; 179,4; 179,2; 178,8; 177,3; 176,4; 175,6; 175,1; 174,5; 174,3; 175,1; 176,3; 177,9; 179,2; 179,8
Vila Franca do Campo; 144,0; 143,7; 143,6; 142,6; 141,4; 139,5; 138,4; 136,8; 135,3; 134,0; 133,0; 133,1; 132,9; 133,2; 133,4; 133,0
Ilha Terceira;x;x;x;x;x;x;x;x;x;x;x;x;x;x;x;x
Angra do Heroísmo; 148,8; 148,1; 148,7; 148,2; 147,6; 146,3; 145,3; 144,2; 143,3; 142,6; 142,0; 142,0; 141,9; 141,9; 141,4; 141,0
Vila da Praia da Vitória; 130,3; 130,5; 130,0; 129,0; 128,1; 126,6; 125,1; 123,9; 122,9; 121,9; 121,1; 121,1; 121,7; 122,0; 122,4; 123,2
Ilha Graciosa; 73,5; 72,6; 72,0; 71,4; 70,7; 69,8; 69,3; 68,6; 68,4; 67,9; 67,7; 67,5; 67,7; 67,8; 67,6; 67,1
Santa Cruz da Graciosa; 73,5; 72,6; 72,0; 71,4; 70,7; 69,8; 69,3; 68,6; 68,4; 67,9; 67,7; 67,5; 67,7; 67,8; 67,6; 67,1
Ilha de São Jorge;x;x;x;x;x;x;x;x;x;x;x;x;x;x;x;x
Calheta [R.A.A.]; 30,4; 30,0; 29,6; 29,5; 29,1; 28,9; 28,5; 28,2; 27,9; 27,6; 27,5; 27,6; 27,9; 27,8; 27,7; 27,6
Velas; 46,5; 46,1; 46,1; 45,6; 45,3; 44,7; 44,1; 43,6; 43,3; 43,0; 42,4; 42,2; 42,2; 42,2; 42,2; 42,2
Ilha do Pico;x;x;x;x;x;x;x;x;x;x;x;x;x;x;x;x
Lajes do Pico; 30,6; 30,4; 30,1; 29,9; 29,6; 29,3; 29,0; 28,6; 28,5; 28,2; 28,1; 28,1; 28,3; 28,2; 28,3; 28,3
Madalena; 41,3; 41,1; 41,4; 41,8; 41,9; 41,9; 41,8; 41,9; 42,1; 42,2; 42,7; 43,2; 43,8; 44,1; 44,4; 44,6
São Roque do Pico; 24,0; 23,8; 23,9; 23,8; 23,6; 23,3; 23,1; 23,0; 22,9; 22,7; 22,6; 22,7; 23,1; 23,6; 24,0; 24,3
Ilha do Faial; 86,8; 86,7; 86,6; 86,3; 85,9; 85,1; 84,4; 83,8; 83,4; 83,0; 82,9; 83,3; 83,4; 83,4; 83,6; 83,6
Horta; 86,8; 86,7; 86,6; 86,3; 85,9; 85,1; 84,4; 83,8; 83,4; 83,0; 82,9; 83,3; 83,4; 83,4; 83,6; 83,6
Ilha das Flores;x;x;x;x;x;x;x;x;x;x;x;x;x;x;x;x
Lajes das Flores; 21,6; 21,6; 21,4; 21,4; 21,1; 21,0; 20,7; 20,6; 20,5; 20,3; 20,2; 20,2; 20,2; 20,5; 20,6; 20,8
Santa Cruz das Flores; 32,7; 32,4; 32,2; 31,8; 31,4; 30,9; 30,4; 29,9; 29,4; 28,9; 28,5; 28,6; 29,3; 29,2; 29,6; 29,8
Ilha do Corvo; 24,4; 24,3; 23,8; 23,8; 23,8; 23,3; 23,0; 22,9; 22,7; 22,6; 22,2; 22,7; 24,1; 25,4; 25,4; 25,5
Corvo; 24,4; 24,3; 23,8; 23,8; 23,8; 23,3; 23,0; 22,9; 22,7; 22,6; 22,2; 22,7; 24,1; 25,4; 25,4; 25,5
Região Autónoma da Madeira; 332,9; 334,5; 333,8; 330,4; 326,7; 321,6; 317,7; 315,0; 313,4; 312,6; 313,0; 314,4; 315,4; 317,2; 320,3; 323,9
Região Autónoma da Madeira; 332,9; 334,5; 333,8; 330,4; 326,7; 321,6; 317,7; 315,0; 313,4; 312,6; 313,0; 314,4; 315,4; 317,2; 320,3; 323,9
Ilha da Madeira;x;x;x;x;x;x;x;x;x;x;x;x;x;x;x;x
Calheta [R.A.M.]; 104,3; 103,5; 102,1; 101,0; 99,7; 98,1; 97,0; 96,3; 95,9; 96,2; 96,9; 98,5; 98,4; 98,4; 100,1; 102,0
Câmara de Lobos; 684,9; 683,8; 678,2; 668,4; 658,7; 645,8; 635,7; 627,6; 620,7; 617,0; 615,5; 619,3; 620,1; 621,5; 628,4; 637,2
Funchal; 1 465,7; 1 470,8; 1 471,6; 1 458,7; 1 444,7; 1 423,9; 1 408,3; 1 398,0; 1 393,2; 1 390,2; 1 390,3; 1 394,7; 1 396,0; 1 403,9; 1 411,2; 1 418,6
Machico; 320,9; 319,8; 318,5; 314,8; 310,5; 304,7; 300,1; 296,0; 292,7; 289,5; 287,7; 288,6; 287,4; 286,4; 287,1; 288,3
Ponta do Sol; 190,9; 191,9; 191,2; 188,9; 187,0; 183,3; 181,1; 179,5; 179,1; 179,2; 181,2; 181,4; 183,2; 184,6; 188,3; 192,8
Porto Moniz; 33,3; 32,8; 33,0; 32,4; 31,9; 31,2; 30,7; 30,5; 30,2; 30,1; 30,4; 29,9; 30,1; 30,1; 30,5; 31,3
Ribeira Brava; 204,6; 204,7; 204,4; 202,2; 199,8; 196,4; 193,6; 192,1; 191,9; 192,6; 194,8; 194,7; 196,0; 196,5; 199,8; 203,5
Santa Cruz; 513,1; 527,7; 530,1; 526,8; 523,1; 517,5; 513,9; 511,6; 511,7; 512,2; 514,8; 521,1; 528,4; 535,4; 543,3; 551,2
Santana; 82,4; 80,9; 79,4; 77,8; 76,3; 74,6; 73,1; 71,7; 70,8; 70,0; 69,8; 68,9; 68,4; 67,6; 68,0; 68,3
São Vicente; 73,7; 72,7; 70,6; 69,3; 67,6; 65,7; 64,3; 63,2; 62,3; 61,9; 61,6; 62,0; 61,7; 61,7; 63,1; 65,0
Ilha de Porto Santo; 126,5; 128,8; 129,0; 128,0; 127,3; 125,7; 123,9; 122,8; 122,0; 121,0; 120,8; 120,9; 122,0; 125,6; 130,3; 134,0
Porto Santo; 126,5; 128,8; 129,0; 128,0; 127,3; 125,7; 123,9; 122,8; 122,0; 121,0; 120,8; 120,9; 122,0; 125,6; 130,3; 134,0
